location_id,thr_baseline,theta50_bayes,theta_op_bayes,shift_bayes,coast,n_pos_train,thr_breakpoint
8,0.531854779,0.5237673661828006,0.48069158496978426,-0.05116319403021574,West Coast,12,0.4880000000000002
10,0.409937171,0.3434711365921527,0.30039535537913636,-0.10954181562086363,West Coast,6,0.2219999999999997
61,0.4525221645,0.40626208275389475,0.3631863015408784,-0.0893358629591216,West Coast,8,0.3250000000000002
66,0.4525221645,0.4352309789727038,0.39215519775968743,-0.060366966740312555,West Coast,8,0.3510000000000002
78,0.396706061,0.2919790579125267,0.24890327669951035,-0.14780278430048965,West Coast,22,0.2299999999999999
80,0.395442296,0.30477556971413894,0.2616997885011226,-0.13374250749887745,West Coast,26,0.27
81,0.396706061,0.2660601565985521,0.22298437538553573,-0.17372168561446427,West Coast,22,0.197
84,0.3920841485,0.5975988197465795,0.5545230385335631,0.1624388900335631,West Coast,2,0.3920841485
88,0.396706061,0.3143315742024644,0.271255792989448,-0.12545026801055198,West Coast,22,0.2630000000000001
89,0.396706061,0.31359619219209794,0.2705204109790816,-0.12618565002091842,West Coast,22,0.2630000000000001
90,0.396706061,0.2742066640735218,0.23113088286050543,-0.16557517813949457,West Coast,22,0.1979999999999999
95,0.396706061,0.3366556313348848,0.29357985012186844,-0.10312621087813156,West Coast,23,0.292
98,0.3920841485,1.5700578002779602,1.526982019064944,1.134897870564944,West Coast,2,0.3920841485
106,0.3933056575,0.5955807603392347,0.5525049791262183,0.1591993216262183,West Coast,2,0.3933056575
114,0.4312899105,0.3030793184431728,0.26000353723015646,-0.17128637326984353,West Coast,5,0.284
140,0.515476066,1.0312087994513544,0.988133018238338,0.47265695223833804,West Coast,11,0.7980000000000003
141,0.515476066,0.48951394921378333,0.44643816800076697,-0.06903789799923299,West Coast,11,0.4520000000000002
145,0.5011032865,2.6689575536648085,2.625881772451792,2.1247784859517918,West Coast,23,2.1780000000000004
146,0.5149021565,1.8245410413922125,1.7814652601791963,1.2665631036791962,West Coast,11,0.5149021565
173,0.5011108959999999,0.43631957754936646,0.3932437963363501,-0.10786709966364982,West Coast,11,0.3779999999999999
179,0.501939251,0.3627565299886299,0.31968074877561353,-0.1822585022243865,West Coast,25,0.292
234,0.497554099,0.37308123806553634,0.33000545685252,-0.16754864214748005,West Coast,25,0.3620000000000001
269,0.5162866715,0.2897083602640281,0.2466325790510117,-0.26965409244898825,West Coast,13,0.1880000000000001
273,0.5224667075,0.27198827172207773,0.22891249050906137,-0.29355421699093864,West Coast,13,0.185
278,0.45025813,0.5290704601918621,0.48599467897884574,0.03573654897884576,West Coast,4,0.45025813
292,0.4036380545,0.770194048675509,0.7271182674624926,0.32348021296249263,West Coast,10,0.7040000000000002
308,0.3849814285,0.5451470713504263,0.5020712901374099,0.11708986163740992,West Coast,2,0.3849814285
309,0.3916410425,0.5809818685437733,0.537906087330757,0.14626504483075697,West Coast,1,0.3916410425
329,0.621330805,1.1323614622414677,1.0892856810284515,0.4679548760284514,West Coast,3,0.621330805
366,0.3356742515,0.4535316691830721,0.4104558879700557,0.0747816364700557,West Coast,2,0.3356742515
370,0.4753906355,0.8292410414968978,0.7861652602838815,0.31077462478388146,West Coast,3,0.4753906355
386,0.306639759,0.5538490974289046,0.5107733162158883,0.20413355721588827,West Coast,1,0.306639759
485,0.6668567274999999,0.29986012737131607,0.2567843461582997,-0.4100723813417002,Gulf of Mexico,7,0.483
487,0.660989606,0.44690560725559025,0.4038298260425739,-0.2571597799574261,Gulf of Mexico,2,0.660989606
492,0.447501655,0.3469999538275734,0.30392417261455706,-0.14357748238544293,Gulf of Mexico,10,0.362
495,0.438267492,-4.639948408860457,-4.683024190073473,-5.121291682073473,Gulf of Mexico,5,0.438267492
499,0.4504843364999999,0.32781495864199756,0.2847391774289812,-0.16574515907101872,Gulf of Mexico,24,0.218
500,0.4161005,0.4225003966168438,0.37942461540382744,-0.03667588459617255,Gulf of Mexico,4,0.4161005
503,0.4146939935,0.3416303606852152,0.2985545794721988,-0.1161394140278012,Gulf of Mexico,9,0.4146939935
508,0.4095099435,0.10626345792900224,0.0631876767159859,-0.34632226678401407,Gulf of Mexico,37,-0.111
537,0.707536095,0.3151383274596662,0.27206254624664983,-0.4354735487533502,Gulf of Mexico,28,0.256
539,0.6934845249999999,0.2575202482053871,0.21444446699237074,-0.47904005800762917,Gulf of Mexico,78,0.193
543,0.6400048475,0.2811740645998769,0.23809828338686057,-0.4019065641131394,Gulf of Mexico,42,0.199
553,0.689105273,0.5574507037751164,0.5143749225621,-0.17473035043789997,Gulf of Mexico,1,0.689105273
555,0.591097947,0.5185271985671768,0.4754514173541604,-0.11564652964583955,Gulf of Mexico,2,0.591097947
557,0.6220605994999999,0.5875003921529336,0.5444246109399172,-0.07763598856008269,Gulf of Mexico,33,0.509
561,0.5630178539999999,0.7469363166312346,0.7038605354182182,0.14084268141821832,Gulf of Mexico,13,0.785
566,0.615838293,0.3978207059077589,0.35474492469474256,-0.2610933683052575,Gulf of Mexico,11,0.615838293
568,0.6092167755,0.510787902649323,0.4677121214363066,-0.1415046540636934,Gulf of Mexico,31,0.517
569,0.6230962360000001,0.6723612661899434,0.629285484976927,0.006189248976926964,Gulf of Mexico,1,0.6230962360000001
570,0.6396320015,0.5413423400534478,0.4982665588404315,-0.14136544265956852,Gulf of Mexico,2,0.6396320015
571,0.6214221595,0.5157637740236624,0.472687992810646,-0.14873416668935402,Gulf of Mexico,3,0.6214221595
572,0.6494920289999999,0.6141843096847456,0.5711085284717292,-0.0783835005282707,Gulf of Mexico,1,0.6494920289999999
580,0.611685865,1.2690694788747705,1.2259936976617543,0.6143078326617543,Gulf of Mexico,8,1.112
587,0.6033618255,0.38455505995647604,0.3414792787434597,-0.26188254675654027,Gulf of Mexico,48,0.3249999999999999
589,0.591688906,0.45037519313224444,0.4072994119192281,-0.18438949408077193,Gulf of Mexico,17,0.384
591,0.5869802975,0.11670803474671859,0.07363225353370224,-0.5133480439662977,Gulf of Mexico,50,0.031
596,0.6647757575,0.15883395146723508,0.11575817025421874,-0.5490175872457812,Gulf of Mexico,80,0.1069999999999999
599,0.545226868,0.286430745926075,0.24335496471305862,-0.30187190328694136,Gulf of Mexico,24,0.263
613,0.6090958639999999,0.3102434261713833,0.2671676449583669,-0.341928219041633,Gulf of Mexico,10,0.2309999999999999
614,0.6071224964999999,0.2540187452929446,0.21094296407992824,-0.3961795324200717,Gulf of Mexico,18,0.2209999999999999
616,0.606230723,0.2550612497778773,0.21198546856486095,-0.3942452544351391,Gulf of Mexico,18,0.2199999999999999
630,0.7362971855,0.3960983278513875,0.3530225466383711,-0.3832746388616289,Gulf of Mexico,5,0.248
690,0.736427942,0.27159857672762944,0.22852279551461308,-0.5079051464853869,Gulf of Mexico,23,0.3480000000000001
769,0.548635116,0.13855135015708497,0.09547556894406863,-0.4531595470559314,SE Florida,3,0.548635116
770,0.534283665,0.549733263440042,0.5066574822270257,-0.02762618277297435,SE Florida,1,0.534283665
771,0.557215706,0.4908839310058907,0.4478081497928743,-0.10940755620712572,SE Florida,8,0.412
772,0.558392695,0.43164836394235234,0.388572582729336,-0.16982011227066401,SE Florida,1,0.558392695
773,0.5599785145,0.3890292078344531,0.34595342662143674,-0.21402508787856328,SE Florida,8,0.3300000000000002
774,0.553950774,0.5314662791904012,0.4883904979773849,-0.06556027602261516,SE Florida,1,0.553950774
777,0.5952265059999999,0.49389132536051544,0.4508155441474991,-0.14441096185250085,SE Florida,1,0.5952265059999999
780,0.4565751489999999,0.26376486924794573,0.22068908803492937,-0.23588606096507053,SE Florida,3,0.4565751489999999
785,0.5115813115,0.5160033682240031,0.4729275870109867,-0.038653724489013275,SE Florida,1,0.5115813115
788,0.35258775,0.32018174129228105,0.2771059600792647,-0.07548178992073529,SE Florida,3,0.35258775
794,0.520628425,0.3932828399428508,0.35020705872983443,-0.17042136627016552,SE Florida,3,0.520628425
801,0.5461782355,0.4030381077438423,0.35996232653082594,-0.18621590896917406,SE Florida,2,0.5461782355
804,0.5285586335,0.39416347459073053,0.35108769337771417,-0.17747094012228581,SE Florida,2,0.5285586335
806,0.548588235,0.2829020392675421,0.23982625805452573,-0.30876197694547425,East Coast,15,0.1829999999999998
807,0.5129104085,0.38432444494789586,0.3412486637348795,-0.17166174476512053,SE Florida,3,0.5129104085
809,0.521350167,0.36123663016653745,0.3181608489535211,-0.20318931804647894,East Coast,3,0.521350167
814,0.510775149,0.37541566574327107,0.3323398845302547,-0.17843526446974528,East Coast,2,0.510775149
817,0.5240504285,0.25861301302696443,0.21553723181394807,-0.308513196686052,East Coast,1,0.5240504285
821,0.5224236135,0.20645330526604375,0.1633775240530274,-0.3590460894469726,SE Florida,31,0.1029999999999999
822,0.5224236135,0.2043231192109075,0.16124733799789115,-0.36117627550210885,SE Florida,31,0.1089999999999999
829,0.5112036485,0.27092846199253046,0.2278526807795141,-0.2833509677204859,East Coast,2,0.5112036485
839,0.50431219,0.003217472359452938,-0.03985830885356341,-0.5441704988535635,East Coast,14,0.3500000000000001
848,0.522916656,0.06489300691202134,0.02181722569900499,-0.501099430300995,SE Florida,12,0.118
854,0.5279482025,0.048824652358953266,0.005748871145936918,-0.522199331354063,SE Florida,7,0.5279482025
855,0.5215462725,0.047867099688739645,0.004791318475723297,-0.5167549540242766,SE Florida,10,0.0149999999999999
859,0.568263294,0.2917479817697722,0.24867220055675582,-0.31959109344324416,SE Florida,1,0.568263294
866,0.4740231485,0.2681176727029082,0.22504189148989184,-0.24898125701010815,SE Florida,9,0.1709999999999999
868,0.4707029485,0.2601785632241286,0.21710278201111222,-0.2536001664888878,SE Florida,9,0.156
870,0.4355495965,0.2508065454306145,0.20773076421759812,-0.2278188322824019,East Coast,10,0.0999999999999999
871,0.4371532765,0.2608600912492975,0.21778431003628113,-0.2193689664637189,East Coast,10,0.1099999999999999
879,0.48068588,0.1680622520160904,0.12498647080307405,-0.35569940919692594,East Coast,2,0.48068588
883,0.438310512,0.2739483714223189,0.23087259020930256,-0.20743792179069742,East Coast,1,0.438310512
886,0.3860442515,5.502547334175725,5.459471552962709,5.07342730146271,East Coast,10,5.489000000000001
901,0.5034743355,0.48267989458698723,0.4396041133739709,-0.06387022212602911,East Coast,20,0.3999999999999999
902,0.456038495,0.45565511251803625,0.4125793313050199,-0.043459163694980096,East Coast,20,0.389
904,0.4512061025,0.5677832086768462,0.5247074274638298,0.07350132496382983,East Coast,1,0.4512061025
910,0.4559091014999999,0.600817071655963,0.5577412904429466,0.10183218894294671,East Coast,1,0.4559091014999999
941,0.4874323015,0.5312235384975795,0.48814775728456317,0.0007154557845631682,East Coast,2,0.4874323015
948,0.49366197,0.524381838469908,0.4813060572568917,-0.012355912743108322,East Coast,14,0.49
949,0.4935632665,0.4938294964834612,0.45075371527044483,-0.042809551229555154,East Coast,13,0.438
952,0.504503941,0.49580089039157593,0.45272510917855957,-0.051778831821440385,East Coast,13,0.4489999999999999
956,0.5050190194999999,0.5165635351743572,0.4734877539613408,-0.03153126553865915,East Coast,14,0.47
959,0.50617548,0.5196552109259477,0.4765794297129313,-0.029596050287068687,East Coast,13,0.454
974,0.511184329,0.48395724010525737,0.440881458892241,-0.07030287010775899,East Coast,1,0.511184329
989,0.5309448845,0.0809869563793189,0.037911175166302546,-0.49303370933369745,East Coast,21,-0.015
994,0.5497521755,0.02693908024293942,-0.01613670097007693,-0.5658888764700769,East Coast,30,-0.043
999,0.513320805,0.027206941106000523,-0.015868840107015825,-0.5291896451070158,East Coast,27,-0.0419999999999999
1000,0.5497521755,0.0313988808112869,-0.011676900401729445,-0.5614290759017294,East Coast,30,-0.048
1010,0.5343961269999999,0.03497055491062534,-0.008105226302391008,-0.5425013533023909,East Coast,27,-0.0589999999999999
1016,0.526203184,0.07868528676432382,0.03560950555130747,-0.4905936784486925,East Coast,24,-0.006
1024,0.5192346445,0.08874506111339364,0.045669279900377294,-0.47356536459962273,East Coast,24,0.007
1030,0.55160899,0.14104656035901372,0.09797077914599737,-0.4536382108540026,East Coast,27,0.051
1038,0.519943237,0.10263130919715692,0.05955552798414057,-0.46038770901585946,East Coast,24,0.0359999999999999
1045,0.5560049495,0.5285622799622475,0.4854864987492311,-0.0705184507507689,East Coast,1,0.5560049495
1053,0.529228091,-0.029544660238921883,-0.07262044145193823,-0.6018485324519383,East Coast,21,-0.0799999999999999
1079,0.5132742125,-0.013402626615471551,-0.0564784078284879,-0.569752620328488,East Coast,15,-0.1279999999999999
1088,0.5213385355,0.1580846054972066,0.11500882428419025,-0.40632971121580974,East Coast,14,0.088
1094,0.5249869545,0.1685444953169233,0.12546871410390698,-0.399518240396093,East Coast,14,0.0819999999999999
1105,0.540294462,0.25081969485732486,0.2077439136443085,-0.3325505483556915,East Coast,1,0.540294462
1139,0.533967201,0.04513646044539042,0.002060679232374074,-0.5319065217676259,East Coast,4,0.533967201
1145,0.5344213435,0.5347529026156622,0.49167712140264586,-0.04274422209735418,East Coast,26,0.5059999999999999
1146,0.5344213435,0.535596571169964,0.4925207899569476,-0.04190055354305244,East Coast,26,0.5009999999999999
1150,0.5765580955,0.335083245906793,0.29200746469377664,-0.2845506308062234,East Coast,15,0.326
1170,0.5735463475,0.5860460253462552,0.5429702441332388,-0.030576103366761198,East Coast,4,0.5735463475
1171,0.5372880695,0.7078324304858485,0.6647566492728322,0.1274685797728322,East Coast,4,0.5372880695
1172,0.563166673,0.5665256779410308,0.5234498967280145,-0.039716776271985554,East Coast,4,0.563166673
1173,0.57307204,0.5500387726830589,0.5069629914700425,-0.06610904852995747,East Coast,4,0.57307204
1193,0.466786869,-0.24379393660314164,-0.286869717816158,-0.753656586816158,East Coast,14,-0.3339999999999999
1204,0.5359768364999999,0.3510390417057006,0.30796326049268424,-0.2280135760073157,East Coast,1,0.5359768364999999
1207,0.5214107354999999,0.28012389312503433,0.23704811191201797,-0.284362623587982,East Coast,24,0.2320000000000001
1209,0.540797408,0.5059520169086827,0.4628762356956664,-0.0779211723043336,East Coast,7,0.454
1210,0.523351409,0.2753476722071606,0.23227189099414425,-0.29107951800585574,East Coast,24,0.2290000000000001
1212,0.5239179215,0.402864169146294,0.35978838793327766,-0.16412953356672239,East Coast,7,0.357
1216,0.513818833,0.15841380959874754,0.11533802838573119,-0.39848080461426877,East Coast,23,0.0879999999999999
1217,0.513818833,0.15862790255308282,0.11555212134006647,-0.3982667116599335,East Coast,23,0.0879999999999999
1218,0.5084800215,0.18659128308263065,0.14351550186961431,-0.36496451963038573,East Coast,23,0.1079999999999999
1220,0.527179835,0.2746979220352818,0.23162214082226545,-0.29555769417773453,East Coast,2,0.527179835
1222,0.5365041725,0.35382510130006023,0.31074932008704387,-0.22575485241295618,East Coast,3,0.5365041725
1223,0.521922308,0.4527140503808761,0.4096382691678597,-0.11228403883214022,East Coast,1,0.521922308
1224,0.536689946,0.35286378379855793,0.30978800258554157,-0.2269019434144584,East Coast,2,0.536689946
1225,0.5465125135,0.5575003976926433,0.5144246164796269,-0.03208789702037307,East Coast,30,0.5230000000000001
1226,0.54429748,0.5304704711312455,0.4873946899182291,-0.056902790081770904,East Coast,33,0.4970000000000001
1232,0.5261118315,0.7912413185680344,0.748165537355018,0.22205370585501805,East Coast,2,0.5261118315
1239,0.7190736695,0.2759990997714862,0.23292331855846982,-0.48615035094153014,East Coast,29,0.18
1240,0.7190736695,0.27222860831286844,0.22915282709985207,-0.4899208424001479,East Coast,29,0.218
1241,0.7067354969999999,0.21258544114392242,0.16950965993090605,-0.5372258370690939,East Coast,32,0.154
1243,0.7067354969999999,0.21531875084309013,0.1722429696300738,-0.5344925273699261,East Coast,32,0.158
1244,0.7090034205,0.22858475834722775,0.18550897713421138,-0.5234944433657887,East Coast,32,0.162
1250,0.703829072,-0.01698565893468169,-0.06006144014769804,-0.763890512147698,East Coast,31,-0.1099999999999999
1251,0.7094876274999999,-0.02126697604231959,-0.06434275725533593,-0.7738303847553358,East Coast,31,-0.1129999999999998
1260,0.6963679825,0.29967985457876933,0.25660407336575297,-0.439763909134247,East Coast,2,0.6963679825
1267,0.6925008085,-0.005594186196342805,-0.04866996740935915,-0.7411707759093591,East Coast,25,-0.0999999999999999
1268,0.6925008085,-0.006588885189597784,-0.04966466640261413,-0.7421654749026141,East Coast,25,-0.101
1283,0.6877043475,0.23392108427108796,0.19084530305807162,-0.49685904444192835,East Coast,1,0.6877043475
1302,0.4305052095,0.3269010639187294,0.28382528270571306,-0.14667992679428693,East Coast,13,0.258
1303,0.4580730245,0.32244322898258876,0.2793674477695724,-0.17870557673042758,East Coast,13,0.258
1304,0.4622701285,0.3227703694168734,0.27969458820385706,-0.18257554029614292,East Coast,13,0.259
1320,0.5590624710000001,0.2574434178029322,0.2143676365899158,-0.34469483441008425,East Coast,17,0.1719999999999999
1321,0.5706285195,0.25802624933866225,0.2149504681256459,-0.35567805137435415,East Coast,17,0.1599999999999999
1322,0.6993632175,0.26874507545810306,0.2256692942450867,-0.4736939232549133,East Coast,17,0.174
1328,1.149275677,0.23618358948269239,0.19310780826967605,-0.9561678687303241,East Coast,26,0.1790000000000001
1350,0.540776514,0.2526312392406715,0.20955545802765513,-0.3312210559723449,East Coast,14,0.1679999999999999
1354,0.6817529554999999,0.259467777334682,0.21639199612166565,-0.46536095937833427,East Coast,14,0.187
1357,0.6784944774999999,0.331174834157589,0.28809905294457266,-0.39039542455542725,East Coast,14,0.293
1362,0.643484248,0.3198417152116159,0.27676593399859956,-0.3667183140014005,East Coast,1,0.643484248
1374,0.8141980639999999,0.35590796713973144,0.3128321859267151,-0.5013658780732848,East Coast,19,0.351
1378,0.6667380119999999,0.18287882363207766,0.13980304241906133,-0.5269349695809387,East Coast,3,0.6667380119999999
1382,0.466223656,0.2946403702755029,0.2515645890624865,-0.21465906693751347,East Coast,13,0.206
1415,0.7222471305,0.3519321737799609,0.3088563925669445,-0.4133907379330555,East Coast,26,0.283
1420,0.758676063,0.2556145273144912,0.21253874610147483,-0.5461373168985252,East Coast,7,0.758676063
1431,0.6654524065,0.2562944333925536,0.21321865217953723,-0.4522337543204628,East Coast,44,0.1610000000000002
