location_id,n_days,n_pos,n_candidates,thr_baseline,thr_opt,thr_shift,cost_baseline,cost_opt,cm_baseline,cm_opt,status
596,943,141.0,58.0,0.6647757575,0.1069999999999999,-0.5577757575000001,282.0,138.0,"(0, 0, 141, 802)","(94, 44, 47, 758)",ok
539,943,103.0,93.0,0.6934845249999999,0.193,-0.5004845249999998,202.0,76.0,"(2, 0, 101, 840)","(88, 46, 15, 794)",ok
1431,935,73.0,174.0,0.6654524065,0.2210000000000003,-0.44445240649999973,140.0,52.0,"(3, 0, 70, 862)","(64, 34, 9, 828)",ok
580,943,59.0,211.0,0.611685865,1.282,0.670314135,145.0,40.0,"(53, 133, 6, 751)","(43, 8, 16, 876)",ok
508,132,60.0,47.0,0.40950994350000003,-0.011,-0.42050994350000004,121.0,68.0,"(0, 1, 60, 71)","(52, 52, 8, 20)",ok
591,943,59.0,76.0,0.5869802975,0.031,-0.5559802975,118.0,57.0,"(0, 0, 59, 884)","(51, 41, 8, 843)",ok
587,943,58.0,80.0,0.6033618255,0.32499999999999996,-0.2783618255,106.0,53.0,"(5, 0, 53, 885)","(42, 21, 16, 864)",ok
1226,943,45.0,109.0,0.54429748,0.5370000000000001,-0.007297479999999856,54.0,52.0,"(21, 6, 24, 892)","(23, 8, 22, 890)",ok
80,943,53.0,89.0,0.395442296,0.24999999999999994,-0.14544229600000008,96.0,61.0,"(5, 0, 48, 890)","(35, 25, 18, 865)",ok
1030,943,45.0,78.0,0.55160899,0.061,-0.49060898999999997,90.0,33.0,"(0, 0, 45, 898)","(38, 19, 7, 879)",ok
1225,943,41.0,104.0,0.5465125135,0.5230000000000001,-0.023512513499999832,46.0,43.0,"(24, 12, 17, 890)","(30, 21, 11, 881)",ok
1146,943,45.0,94.0,0.5344213435,0.5009999999999999,-0.033421343500000145,46.0,30.0,"(24, 4, 21, 894)","(34, 8, 11, 890)",ok
1145,943,45.0,97.0,0.5344213435,0.486,-0.04842134350000005,47.0,30.0,"(23, 3, 22, 895)","(37, 14, 8, 884)",ok
901,943,36.0,93.0,0.5034743355,0.39999999999999997,-0.10347433550000001,54.0,32.0,"(12, 6, 24, 901)","(31, 22, 5, 885)",ok
822,943,46.0,76.0,0.5224236135,0.13899999999999996,-0.38342361350000004,92.0,50.0,"(0, 0, 46, 897)","(33, 24, 13, 873)",ok
821,943,46.0,77.0,0.5224236135,0.14299999999999996,-0.37942361350000003,92.0,52.0,"(0, 0, 46, 897)","(32, 24, 14, 873)",ok
1024,943,41.0,90.0,0.5192346445,0.027,-0.4922346445,80.0,26.0,"(1, 0, 40, 902)","(35, 14, 6, 888)",ok
1038,943,41.0,90.0,0.519943237,0.0359999999999999,-0.4839432370000001,80.0,25.0,"(1, 0, 40, 902)","(36, 15, 5, 887)",ok
902,943,36.0,94.0,0.45603849500000004,0.389,-0.06703849500000003,48.0,33.0,"(15, 6, 21, 901)","(28, 17, 8, 890)",ok
994,943,45.0,77.0,0.5497521755,-0.053000000000000005,-0.6027521755,90.0,29.0,"(0, 0, 45, 898)","(39, 17, 6, 881)",ok
1000,943,45.0,78.0,0.5497521755,-0.048,-0.5977521755,90.0,29.0,"(0, 0, 45, 898)","(39, 17, 6, 881)",ok
1016,943,41.0,88.0,0.526203184,0.013999999999999999,-0.512203184,80.0,28.0,"(1, 0, 40, 902)","(35, 16, 6, 886)",ok
95,943,47.0,88.0,0.396706061,0.252,-0.144706061,84.0,49.0,"(5, 0, 42, 896)","(39, 33, 8, 863)",ok
78,943,46.0,91.0,0.396706061,0.1999999999999999,-0.1967060610000001,84.0,48.0,"(4, 0, 42, 897)","(40, 36, 6, 861)",ok
81,943,46.0,88.0,0.396706061,0.177,-0.219706061,88.0,49.0,"(2, 0, 44, 897)","(38, 33, 8, 864)",ok
88,943,46.0,86.0,0.396706061,0.23799999999999993,-0.15870606100000006,82.0,46.0,"(5, 0, 41, 897)","(36, 26, 10, 871)",ok
89,943,46.0,86.0,0.396706061,0.23799999999999993,-0.15870606100000006,82.0,46.0,"(5, 0, 41, 897)","(36, 26, 10, 871)",ok
90,943,46.0,90.0,0.396706061,0.17799999999999988,-0.21870606100000012,88.0,50.0,"(2, 0, 44, 897)","(40, 38, 6, 859)",ok
145,176,46.0,57.0,0.5011032865,2.1780000000000004,1.6768967135000004,130.0,106.0,"(46, 130, 0, 0)","(42, 98, 4, 32)",ok
1139,74,34.0,0.0,0.533967201,0.533967201,0.0,68.0,68.0,"(0, 0, 34, 40)","(0, 0, 34, 40)",abstain_no_skill
543,943,46.0,95.0,0.6400048475,0.259,-0.38100484749999997,86.0,47.0,"(3, 0, 43, 897)","(30, 15, 16, 882)",ok
806,943,32.0,109.0,0.548588235,0.1929999999999999,-0.3555882350000001,64.0,39.0,"(0, 0, 32, 911)","(20, 15, 12, 896)",ok
1192,42,,,0.5613485,,,,,,,insufficient_labels
568,943,41.0,87.0,0.6092167755,0.517,-0.09221677549999996,68.0,50.0,"(10, 6, 31, 896)","(20, 8, 21, 894)",ok
234,943,42.0,129.0,0.497554099,0.3620000000000001,-0.13555409899999993,64.0,34.0,"(10, 0, 32, 901)","(29, 8, 13, 893)",ok
179,943,42.0,126.0,0.501939251,0.3620000000000001,-0.13993925099999993,62.0,38.0,"(11, 0, 31, 901)","(27, 8, 15, 893)",ok
1244,943,40.0,108.0,0.7090034205,0.202,-0.5070034205,80.0,30.0,"(0, 0, 40, 903)","(33, 16, 7, 887)",ok
1239,943,38.0,112.0,0.7190736695,0.25,-0.46907366949999996,76.0,30.0,"(0, 0, 38, 905)","(30, 14, 8, 891)",ok
1240,943,38.0,112.0,0.7190736695,0.21800000000000003,-0.5010736695,76.0,30.0,"(0, 0, 38, 905)","(34, 22, 4, 883)",ok
1241,943,40.0,110.0,0.7067354969999999,0.184,-0.522735497,80.0,32.0,"(0, 0, 40, 903)","(31, 14, 9, 889)",ok
1243,943,40.0,108.0,0.7067354969999999,0.20800000000000002,-0.4987354969999999,80.0,31.0,"(0, 0, 40, 903)","(29, 9, 11, 894)",ok
1210,943,36.0,105.0,0.523351409,0.2290000000000001,-0.2943514089999999,64.0,14.0,"(4, 0, 32, 907)","(32, 6, 4, 901)",ok
1010,943,37.0,78.0,0.5343961269999999,-0.039,-0.573396127,74.0,36.0,"(0, 0, 37, 906)","(27, 16, 10, 890)",ok
1207,943,35.0,108.0,0.5214107354999999,0.2320000000000001,-0.28941073549999985,60.0,14.0,"(5, 0, 30, 908)","(32, 8, 3, 900)",ok
1250,943,36.0,117.0,0.703829072,-0.0399999999999999,-0.7438290719999999,72.0,30.0,"(0, 0, 36, 907)","(27, 12, 9, 895)",ok
1251,943,36.0,116.0,0.7094876274999999,-0.0329999999999998,-0.7424876274999997,72.0,28.0,"(0, 0, 36, 907)","(27, 10, 9, 897)",ok
989,943,33.0,87.0,0.5309448845,0.015,-0.5159448845,66.0,19.0,"(0, 0, 33, 910)","(29, 11, 4, 899)",ok
557,943,36.0,97.0,0.6220605994999999,0.509,-0.11306059949999991,61.0,47.0,"(12, 13, 24, 894)","(27, 29, 9, 878)",ok
1415,943,35.0,129.0,0.7222471305,0.293,-0.4292471305,64.0,39.0,"(3, 0, 32, 908)","(29, 27, 6, 881)",ok
1328,943,33.0,119.0,1.1492756769999999,0.1790000000000001,-0.9702756769999998,66.0,38.0,"(0, 0, 33, 910)","(28, 28, 5, 882)",ok
999,943,36.0,81.0,0.513320805,-0.022,-0.535320805,72.0,40.0,"(0, 0, 36, 907)","(21, 10, 15, 897)",ok
1217,943,33.0,106.0,0.513818833,0.1079999999999999,-0.4058188330000001,66.0,24.0,"(0, 0, 33, 910)","(27, 12, 6, 898)",ok
1216,943,33.0,106.0,0.513818833,0.1079999999999999,-0.4058188330000001,66.0,24.0,"(0, 0, 33, 910)","(27, 12, 6, 898)",ok
899,1,,,0.4796440375,,,,,,,insufficient_labels
1218,943,32.0,106.0,0.5084800215,0.148,-0.3604800215,64.0,21.0,"(0, 0, 32, 911)","(26, 9, 6, 902)",ok
1268,943,30.0,109.0,0.6925008085,0.009000000000000001,-0.6835008085,60.0,35.0,"(0, 0, 30, 913)","(14, 3, 16, 910)",ok
880,17,8.0,10.0,0.480687649,-0.008,-0.488687649,16.0,8.0,"(0, 0, 8, 9)","(7, 6, 1, 3)",ok
537,943,34.0,99.0,0.707536095,0.256,-0.451536095,62.0,30.0,"(3, 0, 31, 909)","(26, 14, 8, 895)",ok
1150,126,26.0,37.0,0.5765580955,0.326,-0.2505580955,52.0,49.0,"(0, 0, 26, 100)","(6, 9, 20, 91)",ok
566,122,19.0,0.0,0.615838293,0.615838293,0.0,41.0,41.0,"(0, 3, 19, 100)","(0, 3, 19, 100)",abstain_no_skill
599,943,30.0,92.0,0.545226868,0.263,-0.28222686799999996,54.0,34.0,"(3, 0, 27, 913)","(15, 4, 15, 909)",ok
614,943,26.0,87.0,0.6071224964999999,0.2109999999999999,-0.39612249650000003,52.0,32.0,"(0, 0, 26, 917)","(13, 6, 13, 911)",ok
616,943,26.0,90.0,0.606230723,0.2099999999999999,-0.3962307230000001,52.0,32.0,"(0, 0, 26, 917)","(13, 6, 13, 911)",ok
870,943,17.0,95.0,0.4355495965,0.0999999999999999,-0.33554959650000016,32.0,26.0,"(1, 0, 16, 926)","(16, 24, 1, 902)",ok
871,943,17.0,95.0,0.4371532765,0.1099999999999999,-0.32715327650000015,32.0,27.0,"(1, 0, 16, 926)","(16, 25, 1, 901)",ok
1053,943,28.0,88.0,0.529228091,-0.08499999999999995,-0.614228091,56.0,35.0,"(0, 0, 28, 915)","(16, 11, 12, 904)",ok
1088,943,23.0,83.0,0.5213385355,0.088,-0.4333385355,46.0,11.0,"(0, 0, 23, 920)","(21, 7, 2, 913)",ok
1094,943,23.0,83.0,0.5249869545,0.1119999999999999,-0.4129869545000001,46.0,10.0,"(0, 0, 23, 920)","(21, 6, 2, 914)",ok
1267,943,26.0,109.0,0.6925008085,0.010000000000000099,-0.6825008084999998,52.0,27.0,"(0, 0, 26, 917)","(14, 3, 12, 914)",ok
690,943,24.0,105.0,0.736427942,0.3480000000000001,-0.38842794199999986,44.0,33.0,"(2, 0, 22, 919)","(8, 1, 16, 918)",ok
948,943,24.0,81.0,0.49366197,0.49,-0.0036619700000000144,36.0,36.0,"(8, 4, 16, 915)","(8, 4, 16, 915)",ok
886,840,16.0,25.0,0.3860442515,5.489000000000001,5.102955748500001,824.0,30.0,"(16, 824, 0, 0)","(1, 0, 15, 824)",ok
887,1,,,0.3860442515,,,,,,,insufficient_labels
8,943,24.0,117.0,0.531854779,0.4180000000000001,-0.1138547789999999,27.0,18.0,"(11, 1, 13, 918)","(21, 12, 3, 907)",ok
492,199,23.0,0.0,0.447501655,0.447501655,0.0,47.0,47.0,"(0, 1, 23, 175)","(0, 1, 23, 175)",abstain_no_skill
956,943,21.0,82.0,0.5050190194999999,0.47,-0.03501901949999997,36.0,33.0,"(4, 2, 17, 920)","(8, 7, 13, 915)",ok
949,943,20.0,75.0,0.4935632665,0.438,-0.055563266499999986,33.0,26.0,"(4, 1, 16, 922)","(10, 6, 10, 917)",ok
952,943,20.0,75.0,0.504503941,0.43899999999999995,-0.06550394100000001,33.0,28.0,"(4, 1, 16, 922)","(10, 8, 10, 915)",ok
959,943,20.0,70.0,0.50617548,0.45400000000000007,-0.05217547999999994,28.0,26.0,"(6, 0, 14, 923)","(11, 8, 9, 915)",ok
499,943,25.0,67.0,0.45048433649999997,0.288,-0.1624843365,44.0,28.0,"(3, 0, 22, 918)","(13, 4, 12, 914)",ok
1374,943,20.0,123.0,0.8141980639999999,0.351,-0.46319806399999996,38.0,29.0,"(1, 0, 19, 923)","(8, 5, 12, 918)",ok
1079,943,20.0,79.0,0.5132742125,-0.1279999999999999,-0.6412742124999999,40.0,21.0,"(0, 0, 20, 923)","(17, 15, 3, 908)",ok
269,943,23.0,117.0,0.5162866715,0.1880000000000001,-0.32828667149999985,46.0,19.0,"(0, 0, 23, 920)","(23, 19, 0, 901)",ok
273,943,23.0,119.0,0.5224667075,0.185,-0.3374667075,46.0,19.0,"(0, 0, 23, 920)","(21, 15, 2, 905)",ok
292,943,20.0,77.0,0.4036380545,0.7040000000000002,0.30036194550000017,230.0,31.0,"(20, 230, 0, 693)","(7, 5, 13, 918)",ok
267,0,,,0.5167398519999999,,,,,,,insufficient_labels
140,943,22.0,15.0,0.515476066,0.7980000000000003,0.2825239340000003,921.0,809.0,"(22, 921, 0, 0)","(21, 807, 1, 114)",ok
141,943,22.0,117.0,0.515476066,0.43200000000000016,-0.0834760659999998,32.0,21.0,"(7, 2, 15, 919)","(16, 9, 6, 912)",ok
146,943,22.0,0.0,0.5149021565,0.5149021565,0.0,656.0,656.0,"(21, 654, 1, 267)","(21, 654, 1, 267)",abstain_no_skill
173,943,22.0,116.0,0.5011108959999999,0.3979999999999999,-0.10311089600000001,35.0,20.0,"(5, 1, 17, 920)","(15, 6, 7, 915)",ok
561,943,19.0,92.0,0.5630178539999999,0.785,0.2219821460000001,53.0,33.0,"(10, 35, 9, 889)","(5, 5, 14, 919)",ok
1276,943,19.0,101.0,0.7105466535,0.039,-0.6715466535,38.0,21.0,"(0, 0, 19, 924)","(12, 7, 7, 917)",ok
61,943,18.0,106.0,0.4525221645,0.3250000000000002,-0.1275221644999998,28.0,12.0,"(4, 0, 14, 925)","(14, 4, 4, 921)",ok
66,943,18.0,105.0,0.4525221645,0.3560000000000001,-0.0965221644999999,26.0,12.0,"(5, 0, 13, 925)","(14, 4, 4, 921)",ok
848,75,15.0,33.0,0.522916656,0.108,-0.41491665600000005,30.0,24.0,"(0, 0, 15, 60)","(5, 4, 10, 56)",ok
1193,943,19.0,102.0,0.466786869,-0.3339999999999999,-0.800786869,40.0,17.0,"(0, 2, 19, 922)","(17, 13, 2, 911)",ok
1320,943,18.0,96.0,0.5590624710000001,0.2219999999999999,-0.3370624710000002,30.0,19.0,"(3, 0, 15, 925)","(10, 3, 8, 922)",ok
771,943,14.0,103.0,0.557215706,0.412,-0.14521570600000006,25.0,19.0,"(2, 1, 12, 928)","(7, 5, 7, 924)",ok
773,943,14.0,106.0,0.5599785145,0.31500000000000017,-0.24497851449999986,26.0,22.0,"(1, 0, 13, 929)","(6, 6, 8, 923)",ok
1322,943,18.0,97.0,0.6993632175,0.2340000000000001,-0.46536321749999987,34.0,19.0,"(1, 0, 17, 925)","(10, 3, 8, 922)",ok
1321,943,18.0,94.0,0.5706285195,0.21999999999999992,-0.3506285195000001,30.0,20.0,"(3, 0, 15, 925)","(10, 4, 8, 921)",ok
1212,943,17.0,104.0,0.5239179215,0.357,-0.16691792150000007,26.0,20.0,"(4, 0, 13, 926)","(8, 2, 9, 924)",ok
839,78,16.0,51.0,0.50431219,0.3500000000000001,-0.15431218999999996,32.0,30.0,"(0, 0, 16, 62)","(1, 0, 15, 62)",ok
503,132,13.0,0.0,0.4146939935,0.4146939935,0.0,27.0,27.0,"(0, 1, 13, 118)","(0, 1, 13, 118)",abstain_no_skill
485,130,16.0,39.0,0.6668567274999999,0.268,-0.3988567274999999,32.0,30.0,"(0, 0, 16, 114)","(2, 2, 14, 112)",ok
589,943,18.0,62.0,0.591688906,0.384,-0.207688906,36.0,28.0,"(0, 0, 18, 925)","(7, 6, 11, 919)",ok
1350,943,16.0,91.0,0.540776514,0.173,-0.36777651400000005,28.0,16.0,"(2, 0, 14, 927)","(11, 6, 5, 921)",ok
1354,943,16.0,94.0,0.6817529554999999,0.192,-0.4897529554999999,32.0,18.0,"(0, 0, 16, 927)","(10, 6, 6, 921)",ok
1357,943,16.0,82.0,0.6784944774999999,0.293,-0.38549447749999993,28.0,21.0,"(2, 0, 14, 927)","(9, 7, 7, 920)",ok
607,943,15.0,82.0,0.538694617,0.3309999999999999,-0.20769461700000008,26.0,15.0,"(2, 0, 13, 928)","(9, 3, 6, 925)",ok
1302,913,15.0,85.0,0.43050520950000004,0.263,-0.16750520950000003,22.0,12.0,"(4, 0, 11, 898)","(11, 4, 4, 894)",ok
613,943,13.0,86.0,0.6090958639999999,0.23099999999999993,-0.378095864,26.0,11.0,"(0, 0, 13, 930)","(8, 1, 5, 929)",ok
1304,913,15.0,86.0,0.4622701285,0.2740000000000001,-0.1882701284999999,22.0,11.0,"(4, 0, 11, 898)","(10, 1, 5, 897)",ok
866,943,16.0,56.0,0.47402314850000005,0.12099999999999994,-0.3530231485000001,32.0,22.0,"(0, 0, 16, 927)","(13, 16, 3, 911)",ok
868,943,16.0,56.0,0.47070294850000005,0.11599999999999995,-0.3547029485000001,32.0,24.0,"(0, 0, 16, 927)","(12, 16, 4, 911)",ok
1209,943,15.0,97.0,0.540797408,0.45400000000000007,-0.08679740799999991,18.0,16.0,"(6, 0, 9, 928)","(8, 2, 7, 926)",ok
1303,913,15.0,85.0,0.4580730245,0.273,-0.18507302449999996,22.0,11.0,"(4, 0, 11, 898)","(10, 1, 5, 897)",ok
1382,943,15.0,83.0,0.46622365600000004,0.256,-0.21022365600000004,26.0,15.0,"(2, 0, 13, 928)","(9, 3, 6, 925)",ok
661,943,14.0,82.0,0.677316436,0.16,-0.517316436,28.0,9.0,"(0, 0, 14, 929)","(13, 7, 1, 922)",ok
398,147,12.0,0.0,0.28620652550000003,0.28620652550000003,0.0,29.0,29.0,"(0, 5, 12, 130)","(0, 5, 12, 130)",abstain_no_skill
10,943,14.0,97.0,0.40993717100000004,0.2319999999999997,-0.17793717100000034,26.0,7.0,"(1, 0, 13, 929)","(14, 7, 0, 922)",ok
359,0,,,0.38199079849999995,,,,,,,insufficient_labels
855,81,12.0,32.0,0.5215462725,0.014999999999999951,-0.5065462725000001,24.0,17.0,"(0, 0, 12, 69)","(8, 9, 4, 60)",ok
644,0,,,0.5903322520000001,,,,,,,insufficient_labels
1245,86,9.0,52.0,0.5726666229999999,0.602,0.02933337700000005,13.0,12.0,"(4, 3, 5, 74)","(4, 2, 5, 75)",ok
755,943,10.0,74.0,0.6244160565,0.17199999999999993,-0.45241605650000005,16.0,9.0,"(2, 0, 8, 933)","(6, 1, 4, 932)",ok
754,108,14.0,0.0,0.6825461175,0.6825461175,0.0,29.0,29.0,"(0, 1, 14, 93)","(0, 1, 14, 93)",abstain_no_skill
854,71,10.0,0.0,0.5279482025,0.5279482025,0.0,20.0,20.0,"(0, 0, 10, 61)","(0, 0, 10, 61)",abstain_no_skill
554,58,6.0,38.0,0.671356726,0.43500000000000005,-0.2363567259999999,12.0,10.0,"(0, 0, 6, 52)","(2, 2, 4, 50)",ok
643,0,,,0.5947708565000001,,,,,,,insufficient_labels
1220,142,6.0,60.0,0.527179835,0.378,-0.14917983499999998,13.0,11.0,"(0, 1, 6, 135)","(1, 1, 5, 135)",ok
476,943,7.0,0.0,0.530152897,0.530152897,0.0,14.0,14.0,"(0, 0, 7, 936)","(0, 0, 7, 936)",abstain_no_skill
694,943,11.0,74.0,0.651496343,0.279,-0.372496343,20.0,8.0,"(1, 0, 10, 932)","(8, 2, 3, 930)",ok
696,943,11.0,77.0,0.571718941,0.258,-0.313718941,20.0,7.0,"(1, 0, 10, 932)","(9, 3, 2, 929)",ok
699,68,10.0,41.0,0.641983738,0.269,-0.37298373799999995,21.0,16.0,"(0, 1, 10, 57)","(3, 2, 7, 56)",ok
726,943,11.0,76.0,0.86181418,0.16899999999999993,-0.6928141800000001,20.0,9.0,"(1, 0, 10, 932)","(11, 9, 0, 923)",ok
727,943,10.0,78.0,0.753659517,0.16699999999999995,-0.5866595170000001,18.0,7.0,"(1, 0, 9, 933)","(8, 3, 2, 930)",ok
1214,0,,,0.49516380449999997,,,,,,,insufficient_labels
462,943,7.0,91.0,0.5564519575,0.3430000000000001,-0.2134519574999999,14.0,12.0,"(0, 0, 7, 936)","(1, 0, 6, 936)",ok
1252,85,9.0,51.0,0.729868027,0.1959999999999999,-0.533868027,18.0,11.0,"(0, 0, 9, 76)","(5, 3, 4, 73)",ok
495,130,8.0,0.0,0.43826749200000004,0.43826749200000004,0.0,16.0,16.0,"(0, 0, 8, 122)","(0, 0, 8, 122)",abstain_no_candidates
615,943,11.0,70.0,0.6221806855,0.263,-0.35918068550000004,22.0,10.0,"(0, 0, 11, 932)","(8, 4, 3, 928)",ok
612,943,11.0,71.0,0.620811148,0.267,-0.353811148,22.0,11.0,"(0, 0, 11, 932)","(7, 3, 4, 929)",ok
721,943,10.0,76.0,0.7773492835,0.20699999999999996,-0.5703492835,18.0,4.0,"(1, 0, 9, 933)","(9, 2, 1, 931)",ok
1128,74,7.0,46.0,0.537301413,0.08499999999999995,-0.45230141300000004,14.0,14.0,"(0, 0, 7, 67)","(2, 4, 5, 63)",ok
278,943,10.0,84.0,0.45025813000000003,0.4669999999999998,0.01674186999999977,11.0,10.0,"(5, 1, 5, 932)","(5, 0, 5, 933)",ok
553,58,5.0,0.0,0.689105273,0.689105273,0.0,10.0,10.0,"(0, 0, 5, 53)","(0, 0, 5, 53)",abstain_no_skill
1420,138,10.0,0.0,0.758676063,0.758676063,0.0,20.0,20.0,"(0, 0, 10, 128)","(0, 0, 10, 128)",abstain_no_skill
804,123,7.0,0.0,0.5285586335,0.5285586335,0.0,15.0,15.0,"(0, 1, 7, 115)","(0, 1, 7, 115)",abstain_no_skill
1224,143,7.0,58.0,0.536689946,0.21100000000000002,-0.32568994599999995,14.0,13.0,"(0, 0, 7, 136)","(3, 5, 4, 131)",ok
571,64,6.0,40.0,0.6214221595,0.682,0.060577840500000035,11.0,10.0,"(1, 1, 5, 57)","(1, 0, 5, 58)",ok
1173,943,6.0,57.0,0.57307204,0.482,-0.09107204000000002,12.0,10.0,"(0, 0, 6, 937)","(1, 0, 5, 937)",ok
1172,943,6.0,58.0,0.563166673,0.418,-0.14516667300000002,12.0,4.0,"(0, 0, 6, 937)","(6, 4, 0, 933)",ok
1171,943,6.0,0.0,0.5372880695,0.5372880695,0.0,28.0,28.0,"(0, 16, 6, 921)","(0, 16, 6, 921)",abstain_no_skill
1378,81,8.0,0.0,0.6667380119999999,0.6667380119999999,0.0,16.0,16.0,"(0, 0, 8, 73)","(0, 0, 8, 73)",abstain_no_skill
1170,943,6.0,60.0,0.5735463475,0.443,-0.1305463475,12.0,3.0,"(0, 0, 6, 937)","(6, 3, 0, 934)",ok
84,943,8.0,92.0,0.3920841485,0.4650000000000001,0.07291585150000007,14.0,2.0,"(8, 14, 0, 921)","(7, 0, 1, 935)",ok
98,943,8.0,96.0,0.3920841485,0.4710000000000001,0.07891585150000008,22.0,10.0,"(7, 20, 1, 915)","(7, 8, 1, 927)",ok
809,122,6.0,0.0,0.521350167,0.521350167,0.0,13.0,13.0,"(0, 1, 6, 115)","(0, 1, 6, 115)",abstain_no_skill
555,58,8.0,39.0,0.591097947,0.2699999999999999,-0.32109794700000005,14.0,13.0,"(1, 0, 7, 50)","(6, 9, 2, 41)",ok
370,943,5.0,131.0,0.4753906355,0.8250000000000002,0.3496093645000002,102.0,4.0,"(3, 98, 2, 840)","(3, 0, 2, 938)",ok
309,943,9.0,84.0,0.3916410425,0.3759999999999999,-0.01564104250000009,10.0,10.0,"(4, 0, 5, 934)","(5, 2, 4, 932)",ok
357,133,,,0.3822911805,,,,,,,insufficient_labels
649,943,7.0,72.0,0.738754782,0.273,-0.465754782,14.0,4.0,"(0, 0, 7, 936)","(7, 4, 0, 932)",ok
807,123,7.0,0.0,0.5129104085,0.5129104085,0.0,15.0,15.0,"(0, 1, 7, 115)","(0, 1, 7, 115)",abstain_no_skill
106,943,8.0,92.0,0.3933056575,0.472,0.07869434249999996,16.0,2.0,"(7, 14, 1, 921)","(7, 0, 1, 935)",ok
815,51,8.0,35.0,0.49435942499999996,0.31199999999999994,-0.18235942500000002,16.0,15.0,"(0, 0, 8, 43)","(1, 1, 7, 42)",ok
817,65,5.0,0.0,0.5240504285,0.5240504285,0.0,10.0,10.0,"(0, 0, 5, 60)","(0, 0, 5, 60)",abstain_no_skill
1222,144,6.0,60.0,0.5365041725,0.261,-0.27550417250000003,10.0,7.0,"(1, 0, 5, 138)","(4, 3, 2, 135)",ok
872,38,3.0,0.0,0.43878308,0.43878308,0.0,6.0,6.0,"(0, 0, 3, 35)","(0, 0, 3, 35)",abstain_few_floods
1260,71,5.0,48.0,0.6963679825,0.157,-0.5393679825,10.0,4.0,"(0, 0, 5, 66)","(4, 2, 1, 64)",ok
502,943,7.0,45.0,0.402476524,0.41000000000000003,0.007523476000000029,4.0,4.0,"(6, 2, 1, 934)","(6, 2, 1, 934)",ok
630,943,6.0,69.0,0.7362971855,0.2780000000000001,-0.4582971854999999,12.0,7.0,"(0, 0, 6, 937)","(4, 3, 2, 934)",ok
801,123,5.0,0.0,0.5461782355,0.5461782355,0.0,11.0,11.0,"(0, 1, 5, 117)","(0, 1, 5, 117)",abstain_no_skill
500,132,6.0,0.0,0.4161005,0.4161005,0.0,13.0,13.0,"(0, 1, 6, 125)","(0, 1, 6, 125)",abstain_no_skill
329,943,6.0,141.0,0.621330805,1.2730000000000001,0.6516691950000001,183.0,10.0,"(6, 183, 0, 754)","(1, 0, 5, 937)",ok
1065,76,6.0,0.0,0.5327482465,0.5327482465,0.0,12.0,12.0,"(0, 0, 6, 70)","(0, 0, 6, 70)",abstain_no_skill
392,133,6.0,60.0,0.3477186155,0.28,-0.06771861549999997,13.0,11.0,"(0, 1, 6, 126)","(1, 1, 5, 126)",ok
879,73,5.0,47.0,0.48068588,0.20200000000000004,-0.27868587999999994,10.0,9.0,"(0, 0, 5, 68)","(1, 1, 4, 67)",ok
114,103,6.0,61.0,0.4312899105,0.484,0.0527100895,12.0,10.0,"(1, 2, 5, 95)","(1, 0, 5, 97)",ok
1163,74,3.0,0.0,0.5390077525,0.5390077525,0.0,6.0,6.0,"(0, 0, 3, 71)","(0, 0, 3, 71)",abstain_few_floods
829,65,4.0,0.0,0.5112036485,0.5112036485,0.0,8.0,8.0,"(0, 0, 4, 61)","(0, 0, 4, 61)",abstain_few_floods
223,14,2.0,0.0,0.4989774105,0.4989774105,0.0,12.0,12.0,"(2, 12, 0, 0)","(2, 12, 0, 0)",abstain_few_floods
366,771,6.0,79.0,0.3356742515,0.316,-0.019674251500000017,4.0,4.0,"(4, 0, 2, 765)","(5, 2, 1, 763)",ok
424,943,5.0,84.0,0.574075114,0.4149999999999999,-0.15907511400000007,10.0,7.0,"(0, 0, 5, 938)","(2, 1, 3, 937)",ok
425,0,,,0.574075114,,,,,,,insufficient_labels
941,68,3.0,0.0,0.48743230150000005,0.48743230150000005,0.0,5.0,5.0,"(2, 3, 1, 62)","(2, 3, 1, 62)",abstain_few_floods
794,943,5.0,43.0,0.520628425,0.201,-0.31962842499999994,10.0,8.0,"(0, 0, 5, 938)","(3, 4, 2, 934)",ok
308,135,3.0,0.0,0.3849814285,0.3849814285,0.0,15.0,15.0,"(0, 9, 3, 123)","(0, 9, 3, 123)",abstain_few_floods
290,66,5.0,45.0,0.45588935350000004,0.2340000000000002,-0.22188935349999983,10.0,10.0,"(0, 0, 5, 61)","(2, 4, 3, 57)",ok
386,943,5.0,85.0,0.306639759,0.30099999999999993,-0.0056397590000000775,3.0,3.0,"(5, 3, 0, 935)","(5, 3, 0, 935)",ok
570,63,3.0,0.0,0.6396320015,0.6396320015,0.0,5.0,5.0,"(1, 1, 2, 59)","(1, 1, 2, 59)",abstain_few_floods
1230,146,3.0,0.0,0.527618811,0.527618811,0.0,15.0,15.0,"(3, 15, 0, 128)","(3, 15, 0, 128)",abstain_few_floods
891,35,4.0,0.0,0.45221306149999996,0.45221306149999996,0.0,8.0,8.0,"(0, 0, 4, 31)","(0, 0, 4, 31)",abstain_few_floods
558,38,1.0,0.0,0.5749057215,0.5749057215,0.0,3.0,3.0,"(0, 1, 1, 36)","(0, 1, 1, 36)",abstain_few_floods
1262,73,5.0,48.0,0.686357374,0.36900000000000005,-0.3173573739999999,10.0,7.0,"(0, 0, 5, 68)","(2, 1, 3, 67)",ok
883,76,4.0,0.0,0.43831051200000004,0.43831051200000004,0.0,8.0,8.0,"(0, 0, 4, 72)","(0, 0, 4, 72)",abstain_few_floods
520,128,5.0,50.0,0.8027307215,0.353,-0.44973072150000004,10.0,10.0,"(0, 0, 5, 123)","(1, 2, 4, 121)",ok
780,51,5.0,37.0,0.45657514899999996,0.477,0.02042485100000002,9.0,9.0,"(1, 1, 4, 45)","(1, 1, 4, 45)",ok
1162,74,3.0,0.0,0.5389512085,0.5389512085,0.0,6.0,6.0,"(0, 0, 3, 71)","(0, 0, 3, 71)",abstain_few_floods
814,123,5.0,0.0,0.510775149,0.510775149,0.0,11.0,11.0,"(0, 1, 5, 117)","(0, 1, 5, 117)",abstain_no_skill
875,38,2.0,0.0,0.4586350765,0.4586350765,0.0,4.0,4.0,"(0, 0, 2, 36)","(0, 0, 2, 36)",abstain_few_floods
769,50,5.0,40.0,0.548635116,0.347,-0.20163511600000006,11.0,9.0,"(0, 1, 5, 44)","(1, 1, 4, 44)",ok
496,63,5.0,0.0,0.4528390575,0.4528390575,0.0,10.0,10.0,"(0, 0, 5, 58)","(0, 0, 5, 58)",abstain_no_skill
856,71,4.0,0.0,0.5109031225,0.5109031225,0.0,8.0,8.0,"(0, 0, 4, 67)","(0, 0, 4, 67)",abstain_few_floods
768,50,5.0,0.0,0.5509352395,0.5509352395,0.0,12.0,12.0,"(0, 2, 5, 43)","(0, 2, 5, 43)",abstain_no_skill
1352,127,4.0,0.0,0.7267640675,0.7267640675,0.0,8.0,8.0,"(0, 0, 4, 123)","(0, 0, 4, 123)",abstain_few_floods
193,0,,,0.5148590424999999,,,,,,,insufficient_labels
1204,56,4.0,0.0,0.5359768364999999,0.5359768364999999,0.0,8.0,8.0,"(0, 0, 4, 52)","(0, 0, 4, 52)",abstain_few_floods
487,130,4.0,0.0,0.660989606,0.660989606,0.0,8.0,8.0,"(0, 0, 4, 126)","(0, 0, 4, 126)",abstain_few_floods
1341,124,2.0,0.0,0.957191533,0.957191533,0.0,4.0,4.0,"(0, 0, 2, 122)","(0, 0, 2, 122)",abstain_few_floods
1117,74,2.0,0.0,0.5419749405000001,0.5419749405000001,0.0,4.0,4.0,"(0, 0, 2, 72)","(0, 0, 2, 72)",abstain_few_floods
44,182,3.0,0.0,0.395442296,0.395442296,0.0,7.0,7.0,"(0, 1, 3, 178)","(0, 1, 3, 178)",abstain_few_floods
1155,130,4.0,0.0,0.573165887,0.573165887,0.0,9.0,9.0,"(0, 1, 4, 125)","(0, 1, 4, 125)",abstain_few_floods
1211,0,,,0.5063908735,,,,,,,insufficient_labels
1256,71,1.0,0.0,0.7018284865,0.7018284865,0.0,2.0,2.0,"(0, 0, 1, 70)","(0, 0, 1, 70)",abstain_few_floods
904,128,3.0,0.0,0.45120610250000004,0.45120610250000004,0.0,7.0,7.0,"(1, 3, 2, 122)","(1, 3, 2, 122)",abstain_few_floods
770,58,3.0,0.0,0.534283665,0.534283665,0.0,8.0,8.0,"(0, 2, 3, 53)","(0, 2, 3, 53)",abstain_few_floods
788,51,4.0,0.0,0.35258775,0.35258775,0.0,8.0,8.0,"(1, 2, 3, 45)","(1, 2, 3, 45)",abstain_few_floods
831,65,3.0,0.0,0.5064409814999999,0.5064409814999999,0.0,6.0,6.0,"(0, 0, 3, 62)","(0, 0, 3, 62)",abstain_few_floods
910,128,3.0,0.0,0.45590910149999997,0.45590910149999997,0.0,9.0,9.0,"(1, 5, 2, 120)","(1, 5, 2, 120)",abstain_few_floods
774,58,3.0,0.0,0.553950774,0.553950774,0.0,7.0,7.0,"(0, 1, 3, 54)","(0, 1, 3, 54)",abstain_few_floods
1232,145,3.0,0.0,0.5261118315,0.5261118315,0.0,31.0,31.0,"(0, 25, 3, 117)","(0, 25, 3, 117)",abstain_few_floods
164,176,3.0,0.0,0.464263924,0.464263924,0.0,7.0,7.0,"(0, 1, 3, 172)","(0, 1, 3, 172)",abstain_few_floods
1242,80,2.0,0.0,0.55930903,0.55930903,0.0,4.0,4.0,"(2, 4, 0, 74)","(2, 4, 0, 74)",abstain_few_floods
1103,75,3.0,0.0,0.5424220115,0.5424220115,0.0,6.0,6.0,"(0, 0, 3, 72)","(0, 0, 3, 72)",abstain_few_floods
552,58,1.0,0.0,0.706483242,0.706483242,0.0,2.0,2.0,"(0, 0, 1, 57)","(0, 0, 1, 57)",abstain_few_floods
785,58,2.0,0.0,0.5115813115,0.5115813115,0.0,5.0,5.0,"(0, 1, 2, 55)","(0, 1, 2, 55)",abstain_few_floods
1083,133,3.0,0.0,0.549366359,0.549366359,0.0,6.0,6.0,"(0, 0, 3, 130)","(0, 0, 3, 130)",abstain_few_floods
777,58,2.0,0.0,0.5952265059999999,0.5952265059999999,0.0,5.0,5.0,"(0, 1, 2, 55)","(0, 1, 2, 55)",abstain_few_floods
1223,143,2.0,0.0,0.521922308,0.521922308,0.0,5.0,5.0,"(0, 1, 2, 140)","(0, 1, 2, 140)",abstain_few_floods
878,39,2.0,0.0,0.48047245499999996,0.48047245499999996,0.0,4.0,4.0,"(0, 0, 2, 37)","(0, 0, 2, 37)",abstain_few_floods
893,2,,,0.40515469000000004,,,,,,,insufficient_labels
535,134,2.0,0.0,0.6583321155,0.6583321155,0.0,4.0,4.0,"(0, 0, 2, 132)","(0, 0, 2, 132)",abstain_few_floods
1159,74,2.0,0.0,0.5379624695,0.5379624695,0.0,4.0,4.0,"(0, 0, 2, 72)","(0, 0, 2, 72)",abstain_few_floods
1326,128,3.0,0.0,0.5761420605,0.5761420605,0.0,2.0,2.0,"(2, 0, 1, 125)","(2, 0, 1, 125)",abstain_few_floods
876,38,2.0,0.0,0.460635961,0.460635961,0.0,4.0,4.0,"(0, 0, 2, 36)","(0, 0, 2, 36)",abstain_few_floods
759,0,,,0.539935082,,,,,,,insufficient_labels
874,38,2.0,0.0,0.45742265449999997,0.45742265449999997,0.0,4.0,4.0,"(0, 0, 2, 36)","(0, 0, 2, 36)",abstain_few_floods
353,0,,,0.38483636,,,,,,,insufficient_labels
625,68,3.0,0.0,0.6949240475,0.6949240475,0.0,6.0,6.0,"(0, 0, 3, 65)","(0, 0, 3, 65)",abstain_few_floods
572,64,2.0,0.0,0.6494920289999999,0.6494920289999999,0.0,4.0,4.0,"(0, 0, 2, 62)","(0, 0, 2, 62)",abstain_few_floods
859,113,3.0,0.0,0.568263294,0.568263294,0.0,6.0,6.0,"(0, 0, 3, 110)","(0, 0, 3, 110)",abstain_few_floods
964,65,2.0,0.0,0.5551459545,0.5551459545,0.0,4.0,4.0,"(0, 0, 2, 63)","(0, 0, 2, 63)",abstain_few_floods
11,184,2.0,0.0,0.4091538675,0.4091538675,0.0,182.0,182.0,"(2, 182, 0, 0)","(2, 182, 0, 0)",abstain_few_floods
1228,1,,,0.5283664,,,,,,,insufficient_labels
825,65,2.0,0.0,0.5209386675000001,0.5209386675000001,0.0,4.0,4.0,"(0, 0, 2, 63)","(0, 0, 2, 63)",abstain_few_floods
489,63,2.0,0.0,0.5217477429999999,0.5217477429999999,0.0,4.0,4.0,"(0, 0, 2, 61)","(0, 0, 2, 61)",abstain_few_floods
823,51,2.0,0.0,0.5224236135,0.5224236135,0.0,4.0,4.0,"(0, 0, 2, 49)","(0, 0, 2, 49)",abstain_few_floods
782,58,1.0,0.0,0.5053993185,0.5053993185,0.0,4.0,4.0,"(0, 2, 1, 55)","(0, 2, 1, 55)",abstain_few_floods
791,123,1.0,0.0,0.534887872,0.534887872,0.0,3.0,3.0,"(0, 1, 1, 121)","(0, 1, 1, 121)",abstain_few_floods
1255,86,1.0,0.0,0.6890375455,0.6890375455,0.0,2.0,2.0,"(0, 0, 1, 85)","(0, 0, 1, 85)",abstain_few_floods
1202,37,2.0,0.0,0.5201947984999999,0.5201947984999999,0.0,4.0,4.0,"(0, 0, 2, 35)","(0, 0, 2, 35)",abstain_few_floods
772,58,2.0,0.0,0.558392695,0.558392695,0.0,5.0,5.0,"(0, 1, 2, 55)","(0, 1, 2, 55)",abstain_few_floods
1283,135,2.0,0.0,0.6877043475,0.6877043475,0.0,4.0,4.0,"(0, 0, 2, 133)","(0, 0, 2, 133)",abstain_few_floods
527,65,2.0,0.0,0.8080050839999999,0.8080050839999999,0.0,4.0,4.0,"(0, 0, 2, 63)","(0, 0, 2, 63)",abstain_few_floods
1323,125,2.0,0.0,0.720498973,0.720498973,0.0,4.0,4.0,"(0, 0, 2, 123)","(0, 0, 2, 123)",abstain_few_floods
1330,124,2.0,0.0,0.539850359,0.539850359,0.0,4.0,4.0,"(0, 0, 2, 122)","(0, 0, 2, 122)",abstain_few_floods
758,943,2.0,0.0,0.7687979345,0.7687979345,0.0,4.0,4.0,"(0, 0, 2, 941)","(0, 0, 2, 941)",abstain_few_floods
1353,123,2.0,0.0,0.9683402315,0.9683402315,0.0,4.0,4.0,"(0, 0, 2, 121)","(0, 0, 2, 121)",abstain_few_floods
1362,125,2.0,0.0,0.643484248,0.643484248,0.0,4.0,4.0,"(0, 0, 2, 123)","(0, 0, 2, 123)",abstain_few_floods
1404,131,1.0,0.0,0.7887627555,0.7887627555,0.0,2.0,2.0,"(0, 0, 1, 130)","(0, 0, 1, 130)",abstain_few_floods
434,137,2.0,0.0,0.5747717999999999,0.5747717999999999,0.0,4.0,4.0,"(0, 0, 2, 135)","(0, 0, 2, 135)",abstain_few_floods
860,65,,,0.4656729505,,,,,,,insufficient_labels
1045,65,2.0,0.0,0.5560049495,0.5560049495,0.0,4.0,4.0,"(0, 0, 2, 63)","(0, 0, 2, 63)",abstain_few_floods
397,139,,,0.2813427825,,,,,,,insufficient_labels
400,78,2.0,0.0,0.2870924,0.2870924,0.0,10.0,10.0,"(0, 6, 2, 70)","(0, 6, 2, 70)",abstain_few_floods
578,64,2.0,0.0,0.560835788,0.560835788,0.0,7.0,7.0,"(0, 3, 2, 59)","(0, 3, 2, 59)",abstain_few_floods
950,66,1.0,0.0,0.512392186,0.512392186,0.0,2.0,2.0,"(1, 2, 0, 63)","(1, 2, 0, 63)",abstain_few_floods
1105,77,2.0,0.0,0.540294462,0.540294462,0.0,4.0,4.0,"(0, 0, 2, 75)","(0, 0, 2, 75)",abstain_few_floods
1101,124,2.0,0.0,0.5694088715000001,0.5694088715000001,0.0,4.0,4.0,"(0, 0, 2, 122)","(0, 0, 2, 122)",abstain_few_floods
881,73,1.0,0.0,0.47161652350000005,0.47161652350000005,0.0,2.0,2.0,"(0, 0, 1, 72)","(0, 0, 1, 72)",abstain_few_floods
369,0,,,0.35277257100000003,,,,,,,insufficient_labels
877,39,1.0,0.0,0.460635961,0.460635961,0.0,2.0,2.0,"(0, 0, 1, 38)","(0, 0, 1, 38)",abstain_few_floods
564,122,2.0,0.0,0.60115569,0.60115569,0.0,8.0,8.0,"(0, 4, 2, 116)","(0, 4, 2, 116)",abstain_few_floods
569,64,2.0,0.0,0.6230962360000001,0.6230962360000001,0.0,6.0,6.0,"(0, 2, 2, 60)","(0, 2, 2, 60)",abstain_few_floods
974,65,2.0,0.0,0.511184329,0.511184329,0.0,4.0,4.0,"(0, 0, 2, 63)","(0, 0, 2, 63)",abstain_few_floods
1118,130,2.0,0.0,0.5687913565,0.5687913565,0.0,4.0,4.0,"(0, 0, 2, 128)","(0, 0, 2, 128)",abstain_few_floods
534,134,1.0,0.0,0.6971011655,0.6971011655,0.0,2.0,2.0,"(0, 0, 1, 133)","(0, 0, 1, 133)",abstain_few_floods
945,64,1.0,0.0,0.5378935625,0.5378935625,0.0,2.0,2.0,"(0, 0, 1, 63)","(0, 0, 1, 63)",abstain_few_floods
1018,132,,,0.53315197,,,,,,,insufficient_labels
767,58,1.0,0.0,0.544038901,0.544038901,0.0,3.0,3.0,"(0, 1, 1, 56)","(0, 1, 1, 56)",abstain_few_floods
1036,132,,,0.513863985,,,,,,,insufficient_labels
918,0,,,0.48685240799999996,,,,,,,insufficient_labels
536,134,1.0,0.0,0.7111173375,0.7111173375,0.0,2.0,2.0,"(0, 0, 1, 133)","(0, 0, 1, 133)",abstain_few_floods
766,58,1.0,0.0,0.506355927,0.506355927,0.0,4.0,4.0,"(0, 2, 1, 55)","(0, 2, 1, 55)",abstain_few_floods
1292,141,1.0,0.0,0.4638682315,0.4638682315,0.0,2.0,2.0,"(0, 0, 1, 140)","(0, 0, 1, 140)",abstain_few_floods
1196,71,1.0,0.0,0.47574054099999996,0.47574054099999996,0.0,2.0,2.0,"(0, 0, 1, 70)","(0, 0, 1, 70)",abstain_few_floods
1348,123,1.0,0.0,0.9683402315,0.9683402315,0.0,2.0,2.0,"(0, 0, 1, 122)","(0, 0, 1, 122)",abstain_few_floods
519,128,,,0.8027307215,,,,,,,insufficient_labels
1061,130,1.0,0.0,0.553699793,0.553699793,0.0,2.0,2.0,"(0, 0, 1, 129)","(0, 0, 1, 129)",abstain_few_floods
574,64,1.0,0.0,0.6431764385000001,0.6431764385000001,0.0,4.0,4.0,"(0, 2, 1, 61)","(0, 2, 1, 61)",abstain_few_floods
516,128,1.0,0.0,0.7481495494999999,0.7481495494999999,0.0,2.0,2.0,"(0, 0, 1, 127)","(0, 0, 1, 127)",abstain_few_floods
515,128,1.0,0.0,0.7025369135,0.7025369135,0.0,2.0,2.0,"(0, 0, 1, 127)","(0, 0, 1, 127)",abstain_few_floods
573,64,1.0,0.0,0.6358591065,0.6358591065,0.0,0.0,0.0,"(1, 0, 0, 63)","(1, 0, 0, 63)",abstain_few_floods
498,63,,,0.425722351,,,,,,,insufficient_labels
362,133,1.0,0.0,0.3347875605,0.3347875605,0.0,3.0,3.0,"(0, 1, 1, 131)","(0, 1, 1, 131)",abstain_few_floods
750,106,1.0,0.0,0.6160988270000001,0.6160988270000001,0.0,2.0,2.0,"(0, 0, 1, 105)","(0, 0, 1, 105)",abstain_few_floods
1392,75,1.0,0.0,0.5863407350000001,0.5863407350000001,0.0,2.0,2.0,"(0, 0, 1, 74)","(0, 0, 1, 74)",abstain_few_floods
1394,75,1.0,0.0,0.5770804465,0.5770804465,0.0,2.0,2.0,"(0, 0, 1, 74)","(0, 0, 1, 74)",abstain_few_floods
983,76,1.0,0.0,0.548779063,0.548779063,0.0,2.0,2.0,"(0, 0, 1, 75)","(0, 0, 1, 75)",abstain_few_floods
103,0,,,0.49722465699999996,,,,,,,insufficient_labels
1421,138,1.0,0.0,0.758528832,0.758528832,0.0,2.0,2.0,"(0, 0, 1, 137)","(0, 0, 1, 137)",abstain_few_floods
1285,126,1.0,0.0,0.7057623955000001,0.7057623955000001,0.0,2.0,2.0,"(0, 0, 1, 125)","(0, 0, 1, 125)",abstain_few_floods
1072,130,,,0.5503464535,,,,,,,insufficient_labels
438,129,,,0.5696555145,,,,,,,insufficient_labels
25,86,1.0,0.0,0.3927764635,0.3927764635,0.0,4.0,4.0,"(0, 2, 1, 83)","(0, 2, 1, 83)",abstain_few_floods
463,102,1.0,0.0,0.555336243,0.555336243,0.0,2.0,2.0,"(0, 0, 1, 101)","(0, 0, 1, 101)",abstain_few_floods
560,58,1.0,0.0,0.5628053905,0.5628053905,0.0,3.0,3.0,"(0, 1, 1, 56)","(0, 1, 1, 56)",abstain_few_floods
565,122,,,0.60815069,,,,,,,insufficient_labels
1190,130,1.0,0.0,0.5256536599999999,0.5256536599999999,0.0,6.0,6.0,"(0, 4, 1, 125)","(0, 4, 1, 125)",abstain_few_floods
869,38,1.0,0.0,0.4225915065,0.4225915065,0.0,2.0,2.0,"(0, 0, 1, 37)","(0, 0, 1, 37)",abstain_few_floods
456,147,1.0,0.0,0.5563259075,0.5563259075,0.0,2.0,2.0,"(0, 0, 1, 146)","(0, 0, 1, 146)",abstain_few_floods
247,54,1.0,0.0,0.39088252850000005,0.39088252850000005,0.0,4.0,4.0,"(0, 2, 1, 51)","(0, 2, 1, 51)",abstain_few_floods
873,38,1.0,0.0,0.439580081,0.439580081,0.0,2.0,2.0,"(0, 0, 1, 37)","(0, 0, 1, 37)",abstain_few_floods
1219,75,1.0,0.0,0.522778374,0.522778374,0.0,2.0,2.0,"(0, 0, 1, 74)","(0, 0, 1, 74)",abstain_few_floods
76,154,1.0,0.0,0.40609845899999997,0.40609845899999997,0.0,5.0,5.0,"(0, 3, 1, 150)","(0, 3, 1, 150)",abstain_few_floods
449,72,1.0,0.0,0.5536199845,0.5536199845,0.0,2.0,2.0,"(0, 0, 1, 71)","(0, 0, 1, 71)",abstain_few_floods
798,123,1.0,0.0,0.5414002355,0.5414002355,0.0,3.0,3.0,"(0, 1, 1, 121)","(0, 1, 1, 121)",abstain_few_floods
13,161,1.0,0.0,0.3967354555,0.3967354555,0.0,160.0,160.0,"(1, 160, 0, 0)","(1, 160, 0, 0)",abstain_few_floods
793,123,1.0,0.0,0.535553854,0.535553854,0.0,3.0,3.0,"(0, 1, 1, 121)","(0, 1, 1, 121)",abstain_few_floods
915,37,1.0,0.0,0.5228788205,0.5228788205,0.0,2.0,2.0,"(0, 0, 1, 36)","(0, 0, 1, 36)",abstain_few_floods
1140,71,,,0.5383543815,,,,,,,insufficient_labels
282,66,1.0,0.0,0.523246805,0.523246805,0.0,2.0,2.0,"(0, 0, 1, 65)","(0, 0, 1, 65)",abstain_few_floods
152,111,1.0,0.0,0.5148590424999999,0.5148590424999999,0.0,110.0,110.0,"(1, 110, 0, 0)","(1, 110, 0, 0)",abstain_few_floods
898,64,,,0.453854865,,,,,,,insufficient_labels
551,58,1.0,0.0,0.685742867,0.685742867,0.0,2.0,2.0,"(0, 0, 1, 57)","(0, 0, 1, 57)",abstain_few_floods
1248,77,,,0.741104062,,,,,,,insufficient_labels
549,122,,,0.6548669305,,,,,,,insufficient_labels
135,176,1.0,0.0,0.500206525,0.500206525,0.0,3.0,3.0,"(0, 1, 1, 174)","(0, 1, 1, 174)",abstain_few_floods
284,174,,,0.5062888354999999,,,,,,,insufficient_labels
1090,74,,,0.5352376425,,,,,,,insufficient_labels
579,64,1.0,0.0,0.5735317035,0.5735317035,0.0,5.0,5.0,"(0, 3, 1, 60)","(0, 3, 1, 60)",abstain_few_floods
1066,62,1.0,0.0,0.5206031959999999,0.5206031959999999,0.0,2.0,2.0,"(0, 0, 1, 61)","(0, 0, 1, 61)",abstain_few_floods
121,24,,,0.3963426455,,,,,,,insufficient_labels
960,64,1.0,0.0,0.5372851315,0.5372851315,0.0,2.0,2.0,"(0, 0, 1, 63)","(0, 0, 1, 63)",abstain_few_floods
